Grupo,Pose #,POSE_robot_rpy, q_robot [deg],Config,POSE_robot_4x4,POSE_calc (tb_FKine),q_calc [deg],q_recalc [deg]
Caso 20,1,[ -72.80 -267.90  184.90  -89.88   -3.25  108.96],[-71.45 -38.93 -52.29 -73.12  -0.43 161.10],"[1, -1, -1]","[  -0.32   -0.02   -0.95  -72.80    0.94    0.05   -0.33 -267.90    0.06
   -1.00    0.00  184.90    0.00    0.00    0.00    1.00]","[  -0.32   -0.02   -0.95  -72.76    0.94    0.05   -0.32 -267.95    0.06
   -1.00    0.00  184.97    0.00    0.00    0.00    1.00]",[-71.45 -38.93 -52.29 -73.12  -0.43 161.10],[-71.46 -38.79 -52.59 -72.82  -0.44 160.96]
Caso 20,2,[  16.50 -252.40  180.30  -95.11   13.11  104.16],[ -50.36  -43.15  -43.68  -81.21   24.78 -177.71],"[1, -1, 1]","[  -0.24    0.14   -0.96   16.50    0.94   -0.20   -0.26 -252.40   -0.23
   -0.97   -0.09  180.30    0.00    0.00    0.00    1.00]","[  -0.24    0.14   -0.96   16.63    0.94   -0.20   -0.26 -252.36   -0.23
   -0.97   -0.09  180.35    0.00    0.00    0.00    1.00]",[ -50.36  -43.15  -43.68  -81.21   24.78 -177.71],[ -50.39  -43.16  -43.69  -81.20   24.76 -177.72]
Caso 20,3,[ 165.70 -340.30  180.60 -112.24  -23.67  153.84],[-40.69 -77.51 -23.20  24.52  20.91  49.92],"[1, -1, 1]","[  -0.82   -0.17   -0.54  165.70    0.40    0.50   -0.76 -340.30    0.40
   -0.85   -0.35  180.60    0.00    0.00    0.00    1.00]","[  -0.82   -0.17   -0.54  165.75    0.40    0.50   -0.76 -340.22    0.40
   -0.85   -0.35  180.74    0.00    0.00    0.00    1.00]",[-40.69 -77.51 -23.20  24.52  20.91  49.92],[-40.71 -77.61 -23.08  24.53  20.92  49.89]
Caso 20,4,[-126.50 -295.10  194.20  -94.83   -0.65   94.56],[-84.55 -39.46 -80.68  19.16   4.92 100.37],"[1, -1, 1]","[  -0.08    0.08   -0.99 -126.50    1.00    0.02   -0.08 -295.10    0.01
   -1.00   -0.08  194.20    0.00    0.00    0.00    1.00]","[  -0.08    0.08   -0.99 -126.53    1.00    0.02   -0.08 -295.07    0.01
   -1.00   -0.08  194.21    0.00    0.00    0.00    1.00]",[-84.55 -39.46 -80.68  19.16   4.92 100.37],[-84.55 -39.45 -80.61  18.96   4.92 100.48]
Caso 20,5,[-178.80 -335.40  193.90 -113.03   16.39   86.11],[-95.00 -78.39 -17.92  25.22  23.37  87.27],"[1, -1, 1]","[   0.07    0.37   -0.93 -178.80    0.96   -0.29   -0.05 -335.40   -0.28
   -0.88   -0.38  193.90    0.00    0.00    0.00    1.00]","[   0.06    0.37   -0.93 -178.76    0.96   -0.29   -0.05 -335.44   -0.28
   -0.88   -0.38  194.06    0.00    0.00    0.00    1.00]",[-95.00 -78.39 -17.92  25.22  23.37  87.27],[-95.01 -78.37 -18.00  25.25  23.37  87.30]
Caso 20,6,[-146.60 -352.30  177.50  -94.99   42.34   88.02],[-88.76 -84.63  -9.66   6.85   3.69 129.90],"[1, -1, 1]","[   0.03    0.06   -1.00 -146.60    0.74   -0.67   -0.02 -352.30   -0.67
   -0.74   -0.06  177.50    0.00    0.00    0.00    1.00]","[   0.03    0.06   -1.00 -146.49    0.74   -0.67   -0.02 -352.36   -0.67
   -0.74   -0.06  177.56    0.00    0.00    0.00    1.00]",[-88.76 -84.63  -9.66   6.85   3.69 129.90],[-88.78 -84.60  -9.73   6.85   3.69 129.92]
Caso 21,1,[ -76.90 -255.00  212.60  -94.18    9.37  107.70],[ -71.45  -15.46 -118.38   41.74    4.13  101.51],"[1, -1, 1]","[  -0.30    0.12   -0.95  -76.90    0.94   -0.13   -0.31 -255.00   -0.16
   -0.98   -0.07  212.60    0.00    0.00    0.00    1.00]","[  -0.30    0.12   -0.95  -76.92    0.94   -0.13   -0.31 -255.00   -0.16
   -0.98   -0.07  212.64    0.00    0.00    0.00    1.00]",[ -71.45  -15.46 -118.38   41.74    4.13  101.51],[ -71.44  -15.32 -118.27   41.18    4.13  101.81]
Caso 21,2,[  12.00 -255.20  207.40  -88.88   11.92  132.92],[-50.18 -20.30 -72.33 -66.53  -3.07 171.12],"[1, -1, -1]","[  -0.67    0.13   -0.73   12.00    0.72   -0.16   -0.68 -255.20   -0.21
   -0.98    0.02  207.40    0.00    0.00    0.00    1.00]","[  -0.67    0.13   -0.73   12.10    0.72   -0.16   -0.68 -255.20   -0.21
   -0.98    0.02  207.41    0.00    0.00    0.00    1.00]",[-50.18 -20.30 -72.33 -66.53  -3.07 171.12],[-50.20 -20.34 -72.26 -66.64  -3.09 171.19]
Caso 21,3,[ 183.50 -221.50  175.80  -73.36  -36.51 -163.58],[-23.55 -29.61 -79.71 -53.52 -51.32 131.39],"[1, -1, -1]","[  -0.77   -0.47    0.43  183.50   -0.23   -0.44   -0.87 -221.50    0.59
   -0.77    0.23  175.80    0.00    0.00    0.00    1.00]","[  -0.77   -0.47    0.43  183.59   -0.23   -0.44   -0.87 -221.46    0.59
   -0.77    0.23  175.83    0.00    0.00    0.00    1.00]",[-23.55 -29.61 -79.71 -53.52 -51.32 131.39],[-23.57 -29.61 -79.72 -53.53 -51.35 131.41]
Caso 21,4,[-130.40 -288.40  216.70  -90.79   10.11   95.64],[-85.16 -68.20 -63.45  92.19   1.23  49.57],"[1, -1, 1]","[  -0.10    0.03   -0.99 -130.40    0.98   -0.17   -0.10 -288.40   -0.18
   -0.98   -0.01  216.70    0.00    0.00    0.00    1.00]","[  -0.10    0.03   -0.99 -130.33    0.98   -0.17   -0.10 -288.45   -0.18
   -0.98   -0.01  216.69    0.00    0.00    0.00    1.00]",[-85.16 -68.20 -63.45  92.19   1.23  49.57],[-85.17 -68.35 -63.22  92.32   1.23  49.36]
Caso 21,5,[-154.30 -326.80  221.70  -97.10   14.53   94.72],[-90.17 -83.58 -18.63  56.25   9.58  60.20],"[1, -1, 1]","[  -0.08    0.14   -0.99 -154.30    0.96   -0.24   -0.11 -326.80   -0.25
   -0.96   -0.12  221.70    0.00    0.00    0.00    1.00]","[  -0.08    0.14   -0.99 -154.28    0.96   -0.24   -0.11 -326.79   -0.25
   -0.96   -0.12  221.78    0.00    0.00    0.00    1.00]",[-90.17 -83.58 -18.63  56.25   9.58  60.20],[-90.17 -83.57 -18.67  56.24   9.57  60.23]
Caso 21,6,[-156.00 -342.20  201.00 -100.44   38.15   87.31],[-90.43 -95.80   8.96  24.08   9.22 101.07],"[1, 1, 1]","[   0.04    0.15   -0.99 -156.00    0.79   -0.62   -0.07 -342.20   -0.62
   -0.77   -0.14  201.00    0.00    0.00    0.00    1.00]","[   0.04    0.15   -0.99 -155.95    0.79   -0.62   -0.07 -342.17   -0.62
   -0.77   -0.14  201.00    0.00    0.00    0.00    1.00]",[-90.43 -95.80   8.96  24.08   9.22 101.07],[-90.44 -95.72   8.83  24.09   9.22 101.12]
Caso 22,1,[ -87.30 -310.60  268.60  -97.23    4.70  102.08],[-77.25 -30.93 -64.77   5.18   7.20  95.27],"[1, -1, 1]","[  -0.21    0.14   -0.97  -87.30    0.97   -0.05   -0.22 -310.60   -0.08
   -0.99   -0.13  268.60    0.00    0.00    0.00    1.00]","[  -0.21    0.14   -0.97  -87.31    0.97   -0.05   -0.22 -310.60   -0.08
   -0.99   -0.13  268.65    0.00    0.00    0.00    1.00]",[-77.25 -30.93 -64.77   5.18   7.20  95.27],[-77.25 -30.93 -64.73   5.06   7.21  95.34]
Caso 22,2,[ -61.80 -266.10  250.70 -103.45   27.53  101.85],[-69.08  -8.08 -92.54  -2.19  12.21 131.30],"[1, -1, 1]","[  -0.18    0.32   -0.93  -61.80    0.87   -0.39   -0.30 -266.10   -0.46
   -0.86   -0.21  250.70    0.00    0.00    0.00    1.00]","[  -0.18    0.32   -0.93  -61.81    0.87   -0.39   -0.31 -266.07   -0.46
   -0.86   -0.21  250.81    0.00    0.00    0.00    1.00]",[-69.08  -8.08 -92.54  -2.19  12.21 131.30],[-69.08  -8.11 -92.51  -2.25  12.21 131.35]
Caso 22,3,[  58.60 -275.10  243.20  -67.19   -3.75  152.04],[-46.84 -12.74 -90.17 -26.89 -30.23 129.90],"[1, -1, -1]","[  -0.88   -0.24   -0.41   58.60    0.47   -0.31   -0.83 -275.10    0.07
   -0.92    0.39  243.20    0.00    0.00    0.00    1.00]","[  -0.88   -0.23   -0.41   58.72    0.47   -0.31   -0.83 -275.05    0.07
   -0.92    0.39  243.22    0.00    0.00    0.00    1.00]",[-46.84 -12.74 -90.17 -26.89 -30.23 129.90],[-46.87 -12.76 -90.14 -26.94 -30.25 129.94]
Caso 22,4,[ -99.40 -274.90  253.40  -85.30   21.20  108.14],[-78.13 -26.27 -53.08 -56.86  -6.32 157.67],"[1, -1, -1]","[  -0.29    0.03   -0.96  -99.40    0.89   -0.37   -0.28 -274.90   -0.36
   -0.93    0.08  253.40    0.00    0.00    0.00    1.00]","[  -0.29    0.03   -0.96  -99.40    0.89   -0.37   -0.28 -274.92   -0.36
   -0.93    0.08  253.48    0.00    0.00    0.00    1.00]",[-78.13 -26.27 -53.08 -56.86  -6.32 157.67],[-78.13 -26.17 -53.34 -56.59  -6.33 157.54]
Caso 22,5,[-120.10 -326.90  251.50  -95.66   24.23   91.73],[-83.93 -63.80   2.81 -50.09   5.53 135.52],"[1, 1, 1]","[  -0.03    0.11   -0.99 -120.10    0.91   -0.41   -0.07 -326.90   -0.41
   -0.91   -0.09  251.50    0.00    0.00    0.00    1.00]","[  -0.03    0.11   -0.99 -120.02    0.91   -0.41   -0.07 -326.92   -0.41
   -0.91   -0.09  251.59    0.00    0.00    0.00    1.00]",[-83.93 -63.80   2.81 -50.09   5.53 135.52],[-83.94 -63.90   3.00 -50.19   5.53 135.52]
Caso 22,6,[-119.40 -340.30  226.50  -81.48   40.27  104.76],[-84.11 -74.53  10.54 -53.17  -7.29 157.93],"[1, 1, -1]","[  -0.19    0.02   -0.98 -119.40    0.74   -0.66   -0.16 -340.30   -0.65
   -0.75    0.11  226.50    0.00    0.00    0.00    1.00]","[  -0.19    0.02   -0.98 -119.40    0.74   -0.66   -0.16 -340.27   -0.65
   -0.75    0.11  226.52    0.00    0.00    0.00    1.00]",[-84.11 -74.53  10.54 -53.17  -7.29 157.93],[-84.11 -74.63  10.71 -53.19  -7.30 157.88]
Caso 23,1,[-103.30 -286.20  210.90 -100.08   11.10   95.59],[-79.62 -28.03 -84.02   6.32  10.28 117.24],"[1, -1, 1]","[  -0.10    0.19   -0.98 -103.30    0.98   -0.17   -0.13 -286.20   -0.19
   -0.97   -0.17  210.90    0.00    0.00    0.00    1.00]","[  -0.10    0.19   -0.98 -103.29    0.98   -0.17   -0.13 -286.20   -0.19
   -0.97   -0.17  210.95    0.00    0.00    0.00    1.00]",[-79.62 -28.03 -84.02   6.32  10.28 117.24],[-79.62 -28.04 -83.97   6.21  10.28 117.32]
Caso 23,2,[ -41.80 -279.60  206.90  -93.59   13.43  114.03],[ -65.47  -28.38 -111.09   55.19    3.51   97.73],"[1, -1, 1]","[  -0.40    0.15   -0.91  -41.80    0.89   -0.19   -0.42 -279.60   -0.23
   -0.97   -0.06  206.90    0.00    0.00    0.00    1.00]","[  -0.40    0.15   -0.91  -41.78    0.89   -0.19   -0.42 -279.62   -0.23
   -0.97   -0.06  206.89    0.00    0.00    0.00    1.00]",[ -65.47  -28.38 -111.09   55.19    3.51   97.73],[ -65.47  -28.25 -111.08   54.84    3.51   97.93]
Caso 23,3,[  63.50 -271.30  185.00  -66.28   -9.78  142.50],[ -44.82  -28.03 -113.46   26.54  -25.92  106.69],"[1, -1, -1]","[  -0.78   -0.37   -0.50   63.50    0.60   -0.22   -0.77 -271.30    0.17
   -0.90    0.40  185.00    0.00    0.00    0.00    1.00]","[  -0.78   -0.37   -0.50   63.57    0.60   -0.22   -0.77 -271.31    0.17
   -0.90    0.40  184.99    0.00    0.00    0.00    1.00]",[ -44.82  -28.03 -113.46   26.54  -25.92  106.69],[ -44.83  -28.01 -113.47   26.51  -25.93  106.72]
Caso 23,4,[-157.20 -312.30  212.30 -107.06    8.52   86.60],[-91.05 -50.27 -54.31  15.46  16.87  97.99],"[1, -1, 1]","[   0.06    0.28   -0.96 -157.20    0.99   -0.16    0.01 -312.30   -0.15
   -0.95   -0.29  212.30    0.00    0.00    0.00    1.00]","[   0.06    0.28   -0.96 -157.15    0.99   -0.16    0.01 -312.36   -0.15
   -0.95   -0.29  212.39    0.00    0.00    0.00    1.00]",[-91.05 -50.27 -54.31  15.46  16.87  97.99],[-91.06 -50.26 -54.36  15.48  16.87  98.00]
Caso 23,5,[-170.40 -338.90  210.80 -112.40   14.31   86.86],[-93.51 -75.23 -13.88  14.32  22.50  89.03],"[1, -1, 1]","[   0.05    0.37   -0.93 -170.40    0.97   -0.25   -0.04 -338.90   -0.25
   -0.90   -0.37  210.80    0.00    0.00    0.00    1.00]","[   0.05    0.37   -0.93 -170.30    0.97   -0.25   -0.04 -338.92   -0.25
   -0.90   -0.37  210.88    0.00    0.00    0.00    1.00]",[-93.51 -75.23 -13.88  14.32  22.50  89.03],[-93.53 -75.27 -13.83  14.32  22.50  89.02]
Caso 23,6,[-150.00 -350.70  195.10  -97.87   25.84   87.89],[-89.38 -82.52  -6.50   4.92   7.11 110.12],"[1, -1, 1]","[   0.03    0.12   -0.99 -150.00    0.90   -0.44   -0.02 -350.70   -0.44
   -0.89   -0.12  195.10    0.00    0.00    0.00    1.00]","[   0.03    0.12   -0.99 -149.93    0.90   -0.44   -0.02 -350.75   -0.44
   -0.89   -0.12  195.19    0.00    0.00    0.00    1.00]",[-89.38 -82.52  -6.50   4.92   7.11 110.12],[-89.39 -82.45  -6.65   4.95   7.12 110.16]
Caso 24,1,[ -77.30 -277.70  208.50  -95.91    8.63  103.61],[-73.30 -21.18 -94.13   4.83   6.24 119.26],"[1, -1, 1]","[  -0.23    0.14   -0.96  -77.30    0.96   -0.12   -0.25 -277.70   -0.15
   -0.98   -0.10  208.50    0.00    0.00    0.00    1.00]","[  -0.23    0.14   -0.96  -77.31    0.96   -0.12   -0.25 -277.65   -0.15
   -0.98   -0.10  208.51    0.00    0.00    0.00    1.00]",[-73.30 -21.18 -94.13   4.83   6.24 119.26],[-73.30 -21.20 -94.05   4.70   6.24 119.34]
Caso 24,2,[ -49.70 -268.40  204.30 -105.70   16.47  101.51],[-66.79 -15.73 -95.09  -3.95  16.61 132.80],"[1, -1, 1]","[  -0.19    0.32   -0.93  -49.70    0.94   -0.21   -0.27 -268.40   -0.28
   -0.92   -0.26  204.30    0.00    0.00    0.00    1.00]","[  -0.19    0.32   -0.93  -49.71    0.94   -0.21   -0.27 -268.47   -0.28
   -0.92   -0.26  204.33    0.00    0.00    0.00    1.00]",[-66.79 -15.73 -95.09  -3.95  16.61 132.80],[-66.78 -15.72 -95.05  -4.08  16.62 132.88]
Caso 24,3,[  52.70 -235.90  185.80  -69.46   -5.59  170.57],[ -42.27   -4.48 -118.82  -23.64  -39.81  147.48],"[1, -1, -1]","[  -0.98   -0.15   -0.12   52.70    0.16   -0.33   -0.93 -235.90    0.10
   -0.93    0.35  185.80    0.00    0.00    0.00    1.00]","[  -0.98   -0.15   -0.12   52.84    0.16   -0.33   -0.93 -235.92    0.10
   -0.93    0.35  185.80    0.00    0.00    0.00    1.00]",[ -42.27   -4.48 -118.82  -23.64  -39.81  147.48],[ -42.29   -4.45 -118.83  -23.67  -39.82  147.49]
Caso 24,4,[-120.80 -317.40  211.70 -104.49   -0.50   89.66],[-84.28 -85.95  38.58 -65.21  15.73 112.85],"[1, 1, 1]","[   0.01    0.25   -0.97 -120.80    1.00    0.01    0.01 -317.40    0.01
   -0.97   -0.25  211.70    0.00    0.00    0.00    1.00]","[   0.01    0.25   -0.97 -120.73    1.00    0.01    0.01 -317.41    0.01
   -0.97   -0.25  211.80    0.00    0.00    0.00    1.00]",[-84.28 -85.95  38.58 -65.21  15.73 112.85],[-84.29 -85.96  38.57 -65.21  15.73 112.88]
Caso 24,5,[-131.60 -337.90  211.40 -106.41   10.78   87.02],[-86.57 -82.44  20.39 -39.02  16.43 112.76],"[1, 1, 1]","[   0.05    0.27   -0.96 -131.60    0.98   -0.19   -0.00 -337.90   -0.19
   -0.94   -0.28  211.40    0.00    0.00    0.00    1.00]","[   0.05    0.27   -0.96 -131.56    0.98   -0.19   -0.00 -337.92   -0.19
   -0.94   -0.28  211.45    0.00    0.00    0.00    1.00]",[-86.57 -82.44  20.39 -39.02  16.43 112.76],[-86.58 -82.42  20.35 -39.04  16.43 112.79]
Caso 24,6,[-143.10 -339.70  192.20 -116.41   27.88   73.97],[-89.03 -79.80   6.85 -26.10  23.46 130.42],"[1, 1, 1]","[   0.24    0.31   -0.92 -143.10    0.85   -0.53    0.05 -339.70   -0.47
   -0.79   -0.39  192.20    0.00    0.00    0.00    1.00]","[   0.24    0.31   -0.92 -143.08    0.85   -0.53    0.05 -339.72   -0.47
   -0.79   -0.39  192.27    0.00    0.00    0.00    1.00]",[-89.03 -79.80   6.85 -26.10  23.46 130.42],[-89.03 -79.75   6.74 -26.08  23.46 130.46]
Caso 25,1,[ -60.10 -296.30  210.50  -94.12   -0.26  109.07],[-70.83 -30.93 -95.97  35.50   4.13  91.14],"[1, -1, 1]","[  -0.33    0.07   -0.94  -60.10    0.95    0.03   -0.33 -296.30    0.00
   -1.00   -0.07  210.50    0.00    0.00    0.00    1.00]","[  -0.33    0.07   -0.94  -60.08    0.95    0.03   -0.33 -296.33    0.00
   -1.00   -0.07  210.56    0.00    0.00    0.00    1.00]",[-70.83 -30.93 -95.97  35.50   4.13  91.14],[-70.83 -30.86 -95.93  35.18   4.12  91.35]
Caso 25,2,[  -0.30 -289.80  206.60  -91.06    0.00  123.13],[-57.91 -58.62 -90.61 103.88   1.49  45.35],"[1, -1, 1]","[  -0.55    0.02   -0.84   -0.30    0.84    0.01   -0.55 -289.80    0.00
   -1.00   -0.02  206.60    0.00    0.00    0.00    1.00]","[  -0.55    0.02   -0.84   -0.28    0.84    0.01   -0.55 -289.81   -0.00
   -1.00   -0.02  206.59    0.00    0.00    0.00    1.00]",[-57.91 -58.62 -90.61 103.88   1.49  45.35],[-57.91 -58.53 -90.72 103.78   1.49  45.46]
Caso 25,3,[  42.60 -287.90  202.20  -90.31   -3.24  131.63],[-49.57 -81.91 -51.24 118.30   1.23  11.60],"[1, -1, 1]","[  -0.66   -0.03   -0.75   42.60    0.75    0.05   -0.66 -287.90    0.06
   -1.00   -0.01  202.20    0.00    0.00    0.00    1.00]","[  -0.66   -0.03   -0.75   42.71    0.75    0.05   -0.66 -287.92    0.06
   -1.00   -0.01  202.26    0.00    0.00    0.00    1.00]",[-49.57 -81.91 -51.24 118.30   1.23  11.60],[-49.59 -82.22 -50.59 118.36   1.24  11.22]
Caso 25,4,[ -92.70 -279.60  204.30  -89.54   10.50  112.83],[ -76.99 -111.09   13.27  100.45    9.75    7.91],"[1, 1, 1]","[  -0.38    0.06   -0.92  -92.70    0.91   -0.17   -0.39 -279.60   -0.18
   -0.98    0.01  204.30    0.00    0.00    0.00    1.00]","[  -0.38    0.06   -0.92  -92.72    0.91   -0.17   -0.39 -279.56   -0.18
   -0.98    0.01  204.38    0.00    0.00    0.00    1.00]",[ -76.99 -111.09   13.27  100.45    9.75    7.91],[ -76.99 -110.86   12.75  100.78    9.74    7.87]
Caso 25,5,[-125.10 -305.30  205.70  -96.09   20.64  113.66],[-85.34 -92.63 -20.39  97.55  21.88  35.15],"[1, -1, 1]","[  -0.38    0.24   -0.90 -125.10    0.86   -0.28   -0.43 -305.30   -0.35
   -0.93   -0.10  205.70    0.00    0.00    0.00    1.00]","[  -0.38    0.24   -0.90 -125.11    0.86   -0.28   -0.43 -305.28   -0.35
   -0.93   -0.10  205.79    0.00    0.00    0.00    1.00]",[-85.34 -92.63 -20.39  97.55  21.88  35.15],[-85.34 -92.73 -20.23  97.50  21.87  35.14]
Caso 25,6,[-160.50 -322.20  180.90 -115.09   41.63   93.04],[ -92.54 -113.90   28.91   44.29   29.09   81.38],"[1, 1, 1]","[  -0.04    0.46   -0.89 -160.50    0.75   -0.58   -0.33 -322.20   -0.66
   -0.68   -0.32  180.90    0.00    0.00    0.00    1.00]","[  -0.04    0.46   -0.89 -160.40    0.75   -0.58   -0.33 -322.21   -0.66
   -0.68   -0.32  180.93    0.00    0.00    0.00    1.00]",[ -92.54 -113.90   28.91   44.29   29.09   81.38],[ -92.56 -113.85   28.79   44.38   29.09   81.38]
Caso 26,1,[-119.40 -248.20  211.00  -92.23   10.01   97.96],[ -81.65  -21.62 -114.25   46.05    2.19   99.84],"[1, -1, 1]","[  -0.14    0.06   -0.99 -119.40    0.98   -0.17   -0.15 -248.20   -0.17
   -0.98   -0.04  211.00    0.00    0.00    0.00    1.00]","[  -0.14    0.06   -0.99 -119.39    0.98   -0.17   -0.15 -248.24   -0.17
   -0.98   -0.04  211.01    0.00    0.00    0.00    1.00]",[ -81.65  -21.62 -114.25   46.05    2.19   99.84],[ -81.65  -21.50 -114.21   45.70    2.20  100.04]
Caso 26,2,[ -68.90 -292.40  209.40  -97.58   -5.38  108.48],[-72.50 -30.93 -97.82  40.86   7.55  82.44],"[1, -1, 1]","[  -0.32    0.10   -0.94  -68.90    0.94    0.13   -0.30 -292.40    0.09
   -0.99   -0.13  209.40    0.00    0.00    0.00    1.00]","[  -0.32    0.10   -0.94  -68.90    0.94    0.13   -0.30 -292.44    0.09
   -0.99   -0.13  209.43    0.00    0.00    0.00    1.00]",[-72.50 -30.93 -97.82  40.86   7.55  82.44],[-72.50 -30.87 -97.81  40.66   7.55  82.58]
Caso 26,3,[ -40.60 -275.10  209.10  -99.60    4.40  114.08],[ -64.95  -20.12 -110.65   39.46    9.58   95.80],"[1, -1, 1]","[  -0.41    0.18   -0.89  -40.60    0.91   -0.00   -0.41 -275.10   -0.08
   -0.98   -0.17  209.10    0.00    0.00    0.00    1.00]","[  -0.41    0.18   -0.89  -40.65    0.91   -0.00   -0.41 -275.10   -0.08
   -0.98   -0.17  209.17    0.00    0.00    0.00    1.00]",[ -64.95  -20.12 -110.65   39.46    9.58   95.80],[ -64.94  -20.10 -110.63   39.31    9.57   95.89]
Caso 26,4,[-128.30 -299.40  208.90  -83.80    0.99   89.55],[ -85.07 -125.24   56.33   20.21   -8.26   49.39],"[1, 1, -1]","[   0.01   -0.11   -0.99 -128.30    1.00   -0.02    0.01 -299.40   -0.02
   -0.99    0.11  208.90    0.00    0.00    0.00    1.00]","[   0.01   -0.11   -0.99 -128.28    1.00   -0.02    0.01 -299.47   -0.02
   -0.99    0.11  208.94    0.00    0.00    0.00    1.00]",[ -85.07 -125.24   56.33   20.21   -8.26   49.39],[ -85.07 -125.26   56.31   20.29   -8.27   49.35]
Caso 26,5,[-197.20 -322.40  216.60 -109.54    9.41   92.06],[-98.26 -91.31   8.17  27.15  23.46  63.63],"[1, 1, 1]","[  -0.04    0.34   -0.94 -197.20    0.99   -0.14   -0.09 -322.40   -0.16
   -0.93   -0.33  216.60    0.00    0.00    0.00    1.00]","[  -0.04    0.34   -0.94 -197.17    0.99   -0.14   -0.09 -322.40   -0.16
   -0.93   -0.33  216.64    0.00    0.00    0.00    1.00]",[-98.26 -91.31   8.17  27.15  23.46  63.63],[-98.26 -91.25   8.02  27.25  23.46  63.63]
Caso 26,6,[-160.30 -326.40  198.70  -89.09   28.20   89.74],[-91.05 -84.19  19.24 -50.27  -0.87 143.43],"[1, 1, -1]","[   0.00   -0.02   -1.00 -160.30    0.88   -0.47    0.01 -326.40   -0.47
   -0.88    0.01  198.70    0.00    0.00    0.00    1.00]","[   0.00   -0.02   -1.00 -160.22    0.88   -0.47    0.01 -326.45   -0.47
   -0.88    0.01  198.76    0.00    0.00    0.00    1.00]",[-91.05 -84.19  19.24 -50.27  -0.87 143.43],[-91.06 -84.62  19.98 -50.35  -0.88 143.19]
Caso 27,1,[ -11.30 -271.50  255.00  -88.16    0.22  124.64],[-57.83 -20.83 -55.10 -67.50  -3.07 143.70],"[1, -1, -1]","[  -0.57   -0.02   -0.82  -11.30    0.82   -0.02   -0.57 -271.50   -0.00
   -1.00    0.03  255.00    0.00    0.00    0.00    1.00]","[  -0.57   -0.02   -0.82  -11.31    0.82   -0.02   -0.57 -271.50   -0.00
   -1.00    0.03  254.98    0.00    0.00    0.00    1.00]",[-57.83 -20.83 -55.10 -67.50  -3.07 143.70],[-57.83 -20.66 -55.45 -67.10  -3.07 143.46]
Caso 27,2,[  34.10 -280.30  257.70  -94.35    2.35  127.15],[-50.00 -16.78 -68.90 -35.68   5.09 123.83],"[1, -1, 1]","[  -0.60    0.09   -0.79   34.10    0.80    0.01   -0.60 -280.30   -0.04
   -1.00   -0.08  257.70    0.00    0.00    0.00    1.00]","[  -0.60    0.09   -0.79   34.21    0.80    0.01   -0.60 -280.29   -0.04
   -1.00   -0.08  257.73    0.00    0.00    0.00    1.00]",[-50.00 -16.78 -68.90 -35.68   5.09 123.83],[-50.02 -16.75 -68.98 -35.58   5.09 123.77]
Caso 27,3,[  73.60 -281.10  262.70  -95.75    5.89  135.11],[-43.33 -15.20 -84.02  -0.26   5.80 105.46],"[1, -1, 1]","[  -0.70    0.14   -0.69   73.60    0.70   -0.00   -0.71 -281.10   -0.10
   -0.99   -0.10  262.70    0.00    0.00    0.00    1.00]","[  -0.70    0.14   -0.69   73.66    0.70   -0.00   -0.71 -281.04   -0.10
   -0.99   -0.10  262.71    0.00    0.00    0.00    1.00]",[-43.33 -15.20 -84.02  -0.26   5.80 105.46],[-43.35 -15.22 -84.08  -0.08   5.80 105.35]
Caso 27,4,[ -49.10 -292.30  261.90  -92.96    6.48  110.98],[-68.20 -18.10 -82.35   1.31   2.98 105.64],"[1, -1, 1]","[  -0.36    0.09   -0.93  -49.10    0.93   -0.09   -0.36 -292.30   -0.11
   -0.99   -0.05  261.90    0.00    0.00    0.00    1.00]","[  -0.36    0.09   -0.93  -49.09    0.93   -0.09   -0.36 -292.31   -0.11
   -0.99   -0.05  261.94    0.00    0.00    0.00    1.00]",[-68.20 -18.10 -82.35   1.31   2.98 105.64],[-68.20 -18.10 -82.21   0.98   2.98 105.83]
Caso 27,5,[ -44.70 -338.30  263.40  -89.20    4.48  109.43],[-70.66 -41.66 -51.85   0.61  -0.79  97.38],"[1, -1, -1]","[  -0.33    0.01   -0.94  -44.70    0.94   -0.08   -0.33 -338.30   -0.08
   -1.00    0.01  263.40    0.00    0.00    0.00    1.00]","[  -0.33    0.01   -0.94  -44.71    0.94   -0.08   -0.33 -338.28   -0.08
   -1.00    0.01  263.45    0.00    0.00    0.00    1.00]",[-70.66 -41.66 -51.85   0.61  -0.79  97.38],[-70.66 -41.70 -52.54   2.27  -0.80  96.45]
Caso 27,6,[ -47.70 -365.10  263.00  -88.93   13.18  107.39],[-72.68 -64.33 -18.72   2.10  -1.05  94.13],"[1, -1, -1]","[  -0.29    0.05   -0.96  -47.70    0.93   -0.22   -0.29 -365.10   -0.23
   -0.97    0.02  263.00    0.00    0.00    0.00    1.00]","[  -0.29    0.05   -0.96  -47.67    0.93   -0.22   -0.29 -365.12   -0.23
   -0.97    0.02  262.98    0.00    0.00    0.00    1.00]",[-72.68 -64.33 -18.72   2.10  -1.05  94.13],[-72.68 -64.34 -18.87   2.50  -1.06  93.90]
